Region,Year,Average UV Index,Age Group,Skin Type,Average Sun Exposure Time,Skin Cancer Incidence
Region1,2017,6.268176342269117,71+,Type I,77.75019834615549,105.74792729945676
Region2,2005,1.665242159169218,71+,Type I,117.91522725880635,112.77625432968374
Region1,2020,6.900751795593739,18-30,Type I,257.71418366531464,38.561095936806396
Region2,2004,7.230311119984131,18-30,Type I,215.16121367235792,35.790143135487355
Region2,2004,10.399608451332721,18-30,Type I,126.76648724986825,30.53102084025776
Region3,2015,5.0361869799158,51-70,Type III,282.00876461479834,59.711732555454574
Region1,2002,5.637372136649134,51-70,Type IV,241.59936497206508,27.92557406910062
Region3,2011,9.993921505561215,18-30,Type I,32.820785711731084,24.186836681894313
Region1,2002,2.7104255462617655,31-50,Type I,151.57842587898858,61.29462700236985
Region1,2001,2.896811729086588,18-30,Type II,144.76881376574164,22.67296244765007
Region1,2014,10.23121848245363,51-70,Type II,93.61198112839092,63.645845486362774
Region3,2019,4.10793783849895,31-50,Type III,106.07343502642021,27.89314990279447
Region2,2016,8.487953434639799,51-70,Type III,214.3686525352698,53.98325128391892
Region3,2011,3.7382734399170943,51-70,Type IV,94.92110066501922,20.306796049238528
Region3,2001,2.3994081402848706,31-50,Type IV,229.88924832044384,17.90291575804328
Region1,2001,3.397010193346953,18-30,Type I,156.73989168918274,31.128728151281575
Region2,2013,5.576622985205673,18-30,Type II,51.50641616015467,18.411814255788585
Region2,2006,2.439591555294088,51-70,Type IV,139.7639655386067,22.35413701022445
Region2,2013,8.030027551710909,31-50,Type I,243.70924984506084,75.70657766669248
Region2,2006,0.8241358676365608,31-50,Type II,64.89955723843094,36.73719648413406
Region1,2019,6.0864676772960005,51-70,Type III,165.72510923496063,48.398451226684855
Region2,2016,6.343223976478345,31-50,Type I,80.30602612296425,53.2447597403199
Region1,2003,3.4723801366468567,51-70,Type I,280.1168622183701,118.10680052566215
Region1,2014,0.48914627790904786,31-50,Type III,178.09590165897885,31.9708893661804
Region2,2002,5.635410658918783,18-30,Type II,74.62166268612872,19.576394733144255
Region3,2005,0.7020790255293161,51-70,Type III,180.94297968305708,48.30492167596451
Region1,2007,9.328692710343184,71+,Type I,288.81966033047036,164.4815302564
Region3,2015,10.443068861345973,31-50,Type IV,254.03683208913137,19.512201289105644
Region1,2014,2.9145394065551016,31-50,Type II,121.82884394028424,43.05724621599495
Region2,2003,1.115114438213972,71+,Type I,230.77324867923434,142.43162453170035
Region2,2020,3.153984336687429,31-50,Type III,215.3408585186249,34.986854101912485
Region3,2007,2.1631091603893293,51-70,Type II,232.03178569638771,80.77816697663337
Region1,2007,0.09794398431443885,31-50,Type I,160.54087169056606,61.444627152467916
Region2,2019,9.804315395593537,31-50,Type II,278.13479557920596,60.75477417659865
Region2,2006,8.679168615188576,31-50,Type IV,130.59451328984366,15.221067304513646
Region2,2019,3.3316600207749354,71+,Type IV,289.8858258554086,39.9920537278489
Region1,2017,7.093096543238853,51-70,Type IV,63.0551808480093,19.216723523886294
Region3,2011,10.674513259239202,51-70,Type II,281.7709997498441,92.06918092913426
Region1,2003,8.641105356714164,71+,Type IV,235.81993262302677,37.449549912877956
Region3,2013,8.238703282719152,71+,Type II,287.90481407643244,122.52418478491799
Region3,2004,6.683865168532585,18-30,Type II,179.48105300455538,24.97663242550766
Region1,2019,4.069347650340475,51-70,Type III,282.9044182894063,59.51124612404278
Region3,2006,6.431037700709724,51-70,Type I,75.79475648243726,79.01757391691328
Region1,2011,1.7300956240219274,51-70,Type IV,38.072262107302834,17.16312744896843
Region1,2014,0.41540506881626105,18-30,Type I,219.1796984784533,34.69506091232681
Region1,2018,4.320277930915601,18-30,Type I,263.1426083729638,38.40689614438071
Region2,2012,1.6954283689144107,31-50,Type III,272.16055296871866,38.48312253836413
Region2,2003,1.6801657642784313,71+,Type IV,46.597304400111135,23.442520112863097
Region3,2005,5.27813207240265,71+,Type I,125.37276458232728,117.65524287987606
Region1,2007,1.946290337556897,51-70,Type II,149.9622602292978,68.37016968629527
Region1,2014,2.19866988537462,31-50,Type I,280.08052441066843,78.2235378755723
Region2,2011,6.326528379360415,31-50,Type II,109.0933531953645,42.80729383334457
Region1,2009,5.027691084284272,31-50,Type II,215.86144380185098,53.094451705470384
Region2,2011,7.899309437885769,51-70,Type II,89.37007383305752,61.96020032200722
Region3,2016,5.093550550482101,51-70,Type III,195.43622786760673,51.071687951905304
Region3,2007,3.380372215853665,18-30,Type IV,60.54331003738645,6.1780737780824575
Region1,2001,6.994545644867696,71+,Type I,233.72759811185546,147.92299601238895
Region2,2018,5.308905555477393,18-30,Type III,42.028346006697326,11.931835422437649
Region2,2000,10.753413178909971,31-50,Type IV,299.55266059917597,21.060430004530197
Region2,2009,2.7254406503737667,31-50,Type II,246.37936387087058,55.45556858219919
Region2,2008,7.4256365534733675,71+,Type IV,195.428096311429,34.513667064789935
Region3,2018,10.861074963483835,51-70,Type I,237.49511437982343,114.01566785405498
Region3,2011,10.185927077785019,18-30,Type III,30.81715438171102,12.04583118716887
Region3,2019,2.778237573087527,71+,Type III,145.66668138090546,60.53351921335574
Region1,2017,7.914160347104247,31-50,Type II,190.2779800451835,51.40204610864963
Region3,2015,4.251922989895132,31-50,Type II,293.57437317601097,60.633014214569634
Region2,2003,8.354391061737061,71+,Type II,128.78313843102558,90.76926232324735
Region1,2010,1.3827802109327156,18-30,Type I,292.0325702720885,39.74539406032577
Region2,2014,10.704053770497476,51-70,Type IV,169.19830224948117,25.065523178048682
Region3,2015,1.644483845719329,31-50,Type III,48.733041705160495,23.57776621615457
Region1,2001,7.694895088037301,51-70,Type II,196.45526014929726,77.93099181201137
Region1,2012,3.800656275502547,31-50,Type III,251.9625226310925,37.55763276384001
Region3,2011,2.05630919665146,51-70,Type II,269.5263149013822,86.35428637370049
Region1,2007,4.299398067842406,31-50,Type IV,172.7855764514292,16.18945902183188
Region1,2011,10.684957759274587,31-50,Type III,150.10043820527295,32.14368743220645
Region1,2013,1.2624409894597663,71+,Type IV,202.28481669411534,33.73814264416631
Region1,2002,0.36403074695817494,31-50,Type II,46.850458263399716,34.794255050427424
Region1,2001,8.757288195646804,51-70,Type III,284.2669415302645,61.05388061172049
Region1,2016,9.019952794798694,18-30,Type I,94.77526073010903,28.12234127430034
Region3,2001,5.343743640745309,71+,Type I,199.39086654276343,137.44589265733316
Region1,2016,10.57025242969854,51-70,Type I,192.95703402078095,104.9335582619753
Region3,2001,6.904886150194784,71+,Type IV,224.8575159837557,36.37147829562267
Region2,2001,6.500975835714563,51-70,Type IV,260.45360199607404,28.997826475160885
Region2,2012,9.162377555773027,71+,Type II,98.22508561087281,85.14244365563837
Region2,2006,0.012278031492527153,51-70,Type II,85.8694297203846,57.885939572229326
Region1,2008,2.163698304771984,31-50,Type III,231.48248527044908,35.864905345651
Region2,2008,3.158557316740165,71+,Type III,80.35194860731002,51.9770160743374
Region2,2013,4.914104265634451,31-50,Type IV,288.1315587141397,20.09579571703477
Region2,2010,1.3617525956769443,71+,Type I,83.25911854060354,103.29183368736918
Region1,2019,9.456970064133202,71+,Type II,172.1467862465166,100.10353928778324
Region2,2018,7.871844270424704,51-70,Type II,207.19345564293266,79.62134826813102
Region3,2000,8.480963578007957,51-70,Type IV,76.0814581988302,20.0762174466427
Region1,2004,1.0023247682699148,31-50,Type IV,134.20455592756588,14.57371767441252
Region2,2000,5.516084575337426,71+,Type II,240.35058849096586,111.37976844339562
Region3,2005,1.316979940801744,18-30,Type IV,111.04195252987667,6.916548205871365
Region1,2015,3.0144462882781924,31-50,Type II,122.93349423793026,43.19768331027649
Region3,2019,10.126023416622335,71+,Type I,85.11273734737563,110.79754869259804
Region1,2015,8.498904870011788,71+,Type II,234.80826038039802,112.06099499808667
Region2,2019,8.492625033201007,71+,Type II,94.65938258278999,84.02745153647861
Region3,2012,8.283948869666078,31-50,Type I,103.1268495938859,57.06382616038455
Region3,2013,4.45107652363212,51-70,Type I,162.5375051250026,95.1781469391798
Region2,2010,0.9565088064097814,71+,Type III,81.78349318681899,51.28706928080644
Region1,2020,10.239647400602433,51-70,Type I,91.9987105724267,84.5435305548468
Region2,2009,7.638332775325246,31-50,Type IV,280.0816506904363,20.099888300547065
Region2,2016,8.560659001772331,51-70,Type III,246.5619475142741,57.224392451959105
Region1,2006,8.707759915986317,31-50,Type I,102.52516974908602,57.153126599606
Region3,2003,9.05674824207773,18-30,Type I,218.75947867522257,36.39531489343038
Region3,2016,4.205759815658891,51-70,Type II,128.34850115380968,66.14486709011796
Region3,2000,10.282593196619448,18-30,Type II,144.75691774102052,23.780234866543942
Region3,2001,5.165469545276717,31-50,Type IV,220.5820375413352,17.869281539238845
Region2,2018,2.3755551612584487,18-30,Type I,247.47358132033912,36.973349786940965
Region3,2000,5.660873723921503,51-70,Type II,101.15929530573216,62.7212874716245
Region3,2011,7.083966341039577,18-30,Type IV,76.91319589572414,6.636084915314048
Region3,2018,3.513616354271015,51-70,Type III,148.77274300547964,45.93135920682927
Region3,2018,1.1748697555919505,18-30,Type I,97.93181246654547,26.76376144888809
Region3,2015,5.02551499963331,51-70,Type III,247.0382477074521,56.211479270635195
Region1,2015,5.365791980088887,31-50,Type I,75.60647722079946,52.22718042147548
Region2,2007,8.485462959476191,18-30,Type I,118.22940550513788,29.57905295890443
Region3,2012,0.796651429201045,18-30,Type I,82.16390195791885,25.636923749701467
Region3,2013,7.374731185564125,71+,Type I,38.948946187208975,96.28617059837369
Region2,2018,1.6278873149578488,18-30,Type I,187.66902877198507,32.83684604779057
Region3,2014,7.492263212665197,71+,Type IV,240.60912588207907,37.53906103467165
Region2,2014,3.761815177801136,51-70,Type II,250.78662721827087,84.31081091275112
Region1,2020,9.295946043424472,71+,Type III,215.88686589055354,72.5032938694436
Region3,2007,5.020083817858157,18-30,Type I,235.956753178225,36.734466975453294
Region3,2012,2.5707933325100685,18-30,Type II,149.76261086446868,22.87374954309994
Region1,2011,8.38777180505795,71+,Type I,60.862363104154554,102.94018093848757
Region3,2012,10.765199324883396,51-70,Type I,103.4572471340426,87.15056902173856
Region1,2015,6.970075794436915,51-70,Type III,181.39867207692504,50.23088994602358
Region1,2011,1.478708673778408,71+,Type I,281.06776823273196,156.13437180108457
Region3,2013,2.2481112707123945,18-30,Type IV,213.589804094287,8.672235631773736
Region1,2014,4.176276151650633,18-30,Type III,79.8953445612954,13.080805767208243
Region3,2018,5.462356287740166,51-70,Type IV,155.42712460130525,23.59070967322629
Region3,2004,0.2215538074022808,18-30,Type I,256.0982320544219,37.117526231775244
Region3,2001,5.2987458930578075,18-30,Type II,56.12801272670037,18.60121252029369
Region1,2017,5.223733654179484,71+,Type IV,51.373105042831654,24.469620400358007
Region1,2017,4.794713093001881,71+,Type I,283.1217022858038,159.33489108394917
Region1,2016,3.3952357658593613,31-50,Type IV,265.8257635067712,19.200382360144975
Region2,2009,10.526357516183133,71+,Type II,145.734110232646,95.46263655623909
Region3,2016,7.326057581503404,31-50,Type II,225.4914440873652,54.74696168318754
Region1,2002,8.66391241923119,71+,Type II,241.77519968339536,113.55338738821777
Region2,2015,5.671547725396653,71+,Type II,119.19682518457489,87.24229367215295
Region3,2017,4.027614857956399,18-30,Type I,147.78333340988831,30.65774519891717
Region3,2020,4.083342743057693,31-50,Type I,262.37888100086855,76.61718789733888
Region3,2006,3.007217252378225,31-50,Type II,33.609666800918625,34.263131855805334
Region2,2000,6.016595776748831,51-70,Type IV,121.34315738469465,21.969647235747058
Region1,2006,9.395507140726139,71+,Type II,292.0919794571988,124.05570017587544
Region1,2012,0.431225308348945,71+,Type III,153.71938046649228,60.66840751887189
Region1,2015,8.264277755554408,18-30,Type I,139.4630718110999,30.950393671850875
Region1,2010,8.62140280356764,18-30,Type III,38.787209182171665,12.15504725309582
Region3,2002,4.341964106694711,31-50,Type IV,226.7892421535532,17.993837815787913
Region3,2008,8.181737284528031,31-50,Type II,284.09305985340626,60.86382717069904
Region1,2006,4.282157822873532,18-30,Type III,218.39019934038652,17.707889093633568
Region1,2002,3.4692592454636095,51-70,Type III,207.4963802219249,51.79041579583158
Region1,2000,2.590307234876434,18-30,Type II,281.651838105534,29.471137990508165
Region2,2010,8.841708521946435,51-70,Type III,71.58916847097485,39.811429403681416
Region3,2012,0.3198893477747914,18-30,Type III,58.091578967855824,11.968374900372673
Region1,2003,2.6300748614738687,18-30,Type I,215.11457029493556,34.866986325290476
Region1,2009,3.3149663506730818,51-70,Type II,49.8845934470609,53.974423874862026
Region2,2007,6.683938365037261,51-70,Type I,275.38474740879263,119.08731250078088
Region1,2016,4.683993020235144,51-70,Type I,214.9114465042126,105.79268511298359
Region3,2010,7.293676890665048,71+,Type II,239.40790685909914,112.25778750621886
Region2,2004,1.5736756705015877,71+,Type III,272.45250027496206,76.95647030486225
Region2,2017,3.7779918399853445,51-70,Type II,52.31436345648031,54.54725084646546
Region2,2003,5.822412335025956,71+,Type II,120.98195337440639,87.68983807589686
Region1,2005,6.848220730086163,51-70,Type II,179.62443568098934,75.02536468068718
Region1,2006,2.965607620620644,51-70,Type II,260.5356276882633,85.41486758251878
Region1,2011,2.8728713680125426,51-70,Type III,180.11675559010558,48.87353696941432
Region2,2002,0.5102238213232463,31-50,Type I,185.02058336821497,64.8735006442913
Region2,2007,9.049815420898952,18-30,Type III,184.7242029022459,17.06245497216476
Region3,2019,0.3074093022263117,51-70,Type IV,209.7505181991752,25.533637305292707
Region2,2020,3.966982219576024,71+,Type I,225.50599641219154,143.30851815224523
Region1,2009,1.9789700758303483,71+,Type II,215.2320888703726,104.23379981957271
Region1,2000,5.5194442300027955,71+,Type III,67.30292927877396,51.181501595837645
Region2,2016,10.787138282486561,31-50,Type II,297.47120152927323,62.98326163767329
Region3,2017,4.630838686137007,18-30,Type II,260.0464959506411,28.69695060045261
Region2,2008,6.44190947879271,71+,Type II,157.60860331672654,95.38686635062093
Region2,2019,6.502880231823387,18-30,Type III,203.73215869289405,17.44135997961214
Region2,2015,0.6269873094562738,18-30,Type IV,102.16892591384928,6.734164797370301
Region1,2016,7.9325143851373,31-50,Type II,254.07555500322655,57.787309815863836
Region1,2017,8.540631581317513,31-50,Type I,192.2772483698283,69.05321908183744
Region1,2010,8.071389284660404,18-30,Type IV,100.90493846988937,7.085318438731177
Region2,2017,1.6141712234447145,31-50,Type II,257.02510209350055,56.18676157638347
Region3,2003,4.992682459386784,31-50,Type III,56.58226814206003,24.770687701348024
Region2,2007,4.368756208470687,51-70,Type IV,98.89260810130725,20.599943836335964
Region2,2009,4.243356404432952,71+,Type III,121.10288787053939,57.8443942778451
Region1,2003,0.7512204290906166,31-50,Type II,63.533552779980134,36.578721406725194
Region1,2007,8.69335184685011,18-30,Type I,155.36120701676685,32.09608417048781
Region2,2016,0.05422039328400974,18-30,Type II,236.7474783977214,26.845506978878674
Region3,2002,1.7959002273862616,31-50,Type III,139.93903659373694,29.68844915172638
Region1,2004,7.665100642492481,31-50,Type II,217.6173409387045,54.06126428661819
Region3,2004,2.5017452002516825,18-30,Type II,82.38886426504355,19.49470499328993
Region3,2006,9.317190785496297,71+,Type IV,253.29810740500517,38.749978650766266
Region2,2000,6.617882295877288,18-30,Type III,76.03153689821994,13.196172792861727
Region2,2017,8.285867207151385,31-50,Type IV,219.33714810149368,18.13982499076493
Region2,2005,2.4838973566236113,31-50,Type III,106.02910521205553,27.565386485461758
Region3,2019,8.265191025137698,51-70,Type III,250.6134284159813,57.54090014913944
Region1,2014,9.196584517444828,18-30,Type III,290.45303721252634,20.601426358828693
Region1,2008,5.962190898500454,31-50,Type IV,239.79702485137128,18.58945325156242
Region2,2002,0.3014081162097103,71+,Type IV,44.569900161946094,23.031608300705013
Region1,2017,3.629701766243967,31-50,Type IV,40.63476228873259,11.717462252915483
Region3,2015,6.502566647772602,31-50,Type I,35.67417405396509,47.357583199637716
Region3,2016,10.319027419912773,18-30,Type II,282.49952703911174,30.672830464942507
Region1,2008,2.3925455808940588,51-70,Type III,78.3071653625222,38.54848021052044
Region3,2012,0.48087248214378053,71+,Type III,260.67250174077384,74.94868255829402
Region3,2007,6.555842772745138,31-50,Type II,228.02192976737206,54.76894580856075
Region3,2012,5.951099150046645,51-70,Type I,212.5133541322742,106.07333031648284
Region2,2000,4.471428179140931,18-30,Type III,42.69237305376102,11.870221919706127
Region2,2020,10.48919548394614,71+,Type III,183.85643625036653,68.70986969362733
Region1,2011,0.9271697165070055,71+,Type IV,292.7789924682121,39.704033441182204
Region1,2011,10.462124757755117,51-70,Type I,204.5535521830315,107.18798529125937
Region1,2008,0.3848827150939238,51-70,Type IV,108.06960892648932,20.461212853588556
Region3,2000,5.928388451932629,51-70,Type I,237.25415920742932,111.00786491264543
Region3,2020,10.401996738984264,18-30,Type III,161.01457169015418,16.407352063570233
Region2,2013,5.079293100521931,18-30,Type IV,61.57171363176764,6.2801598822222235
Region2,2013,1.2127232370208667,71+,Type III,266.5683745456639,76.0275392342302
Region1,2005,10.65556876203779,71+,Type III,247.2216384396081,77.22511263009619
Region1,2015,4.967482237949378,31-50,Type IV,37.21497865980497,11.737247512455104
Region3,2007,8.971720709311152,31-50,Type II,40.991720366632954,36.790688249456636
Region2,2018,7.497359102461932,31-50,Type III,80.9494451400034,26.896101496492612
Region2,2004,4.46367724683638,51-70,Type I,263.01990843989074,115.28218803607999
Region3,2014,10.806490821272625,51-70,Type I,82.53250479699284,82.99039545216215
Region1,2012,7.2285521639340375,51-70,Type I,278.8654296040068,120.11021721916177
Region2,2005,8.332179269280035,18-30,Type III,167.93339656628498,16.430997812470835
Region2,2016,0.2383582397445171,31-50,Type III,107.55811780196284,27.218212834746424
Region2,2004,6.700895169180139,71+,Type IV,63.75995557912196,25.590842739110823
Region2,2009,10.397089641963333,18-30,Type I,186.5871066042913,34.518558368678754
Region2,2004,2.6621453139425473,51-70,Type II,272.0636909024315,87.00751902663887
Region3,2016,2.7532765149663567,71+,Type IV,197.49803756050613,33.71719114036034
Region3,2018,9.352146935254364,31-50,Type III,147.26275443454398,31.687946349353805
Region3,2005,10.398519010713153,18-30,Type IV,198.7524432293616,8.832466671025019
Region1,2014,4.084242470699902,71+,Type I,228.38005635281831,144.16874233731147
Region2,2003,7.433307279333686,71+,Type II,94.5729635627374,83.37457708014769
Region3,2016,10.072117117918339,31-50,Type I,102.89978625918415,57.74881834839189
Region2,2000,1.0463578038449033,31-50,Type III,270.9351840566059,38.271617164542704
Region2,2017,5.334362161057244,31-50,Type II,240.78962815107195,55.679271463424364
Region2,2009,8.58867373619353,51-70,Type II,226.1461905604945,82.78683176536126
Region2,2018,7.1334658313454025,51-70,Type III,211.06146841553118,53.24618659095674
Region1,2001,1.3916329743069653,31-50,Type IV,170.2222418201286,15.813238024768317
Region3,2016,9.46029226356717,71+,Type III,127.85149857726361,60.83098338239535
Region3,2017,6.798804151737564,51-70,Type III,135.78403249594894,45.61804449511616
Region1,2012,10.457261104001482,71+,Type IV,51.42409014304721,25.519724897003442
Region2,2006,6.619828321754865,18-30,Type II,269.2718673000776,29.456567613267104
Region2,2019,8.960436345264004,18-30,Type I,35.67535725114581,24.170444419129186
Region1,2004,10.861216688053991,18-30,Type I,258.0751358754282,39.377252395972675
Region1,2003,8.661967694750796,51-70,Type I,152.998634458167,95.79690750848388
Region1,2006,5.405180772824655,31-50,Type III,79.75690703533351,26.39816329025383
Region3,2004,6.473197604986965,18-30,Type III,198.20698900430625,17.25421939397557
Region2,2018,6.305714223435309,18-30,Type I,168.5479740580042,32.49767444855401
Region3,2019,0.544023251115056,71+,Type III,202.98392577806294,67.28213273752108
Region2,2006,4.238207149497408,51-70,Type IV,128.7580863972062,22.07363539228492
Region3,2012,4.645037681708375,51-70,Type III,245.6107277507031,55.95458407958282
Region1,2003,1.4259475199846847,71+,Type I,145.62269487622888,119.97347664964877
Region3,2014,0.45436981589000547,51-70,Type I,134.89232601954484,87.25108709344298
Region1,2019,0.05222254757379996,71+,Type III,199.12271189488266,66.5705839383472
Region2,2017,3.9248558933290867,31-50,Type II,255.74271554541306,56.75172832254003
Region2,2003,2.667852178782629,71+,Type III,53.679723131306055,48.22443728902053
Region2,2003,6.109240322058865,31-50,Type II,148.11038657400388,46.64381075401805
Region1,2001,10.163281496183004,51-70,Type IV,157.70447515650056,24.40971598225248
Region1,2019,0.4295198595908538,18-30,Type IV,173.62397620415834,7.915208929715515
Region1,2004,4.7879277528240625,51-70,Type II,118.01286047008786,64.85649655928401
Region1,2007,7.344102960710555,18-30,Type II,79.5805399433448,20.080642441273824
Region1,2010,0.9262824646843121,51-70,Type II,91.69328828567241,59.1708203519588
Region1,2010,6.731667386599598,71+,Type II,96.59632353867516,83.3582651396948
Region2,2017,4.060088342390944,71+,Type IV,141.8263284199955,30.26710622981122
Region1,2018,8.41797393305906,31-50,Type IV,179.52728885697468,16.826040355205063
Region3,2016,2.72376593355288,71+,Type III,119.59065094024007,57.03492649878649
Region3,2000,1.3584474788926242,18-30,Type I,252.92360821179162,37.13326337656463
Region2,2004,1.1774685056698981,71+,Type II,158.48198349695707,92.40287780279334
Region2,2002,5.4424118475110355,31-50,Type II,112.57505764673716,42.89022931892703
Region2,2013,6.182718492354658,18-30,Type II,123.32193915449164,22.09350473157778
Region3,2001,2.4066164081438375,18-30,Type III,297.1049202349158,20.144158981978244
Region2,2002,6.058792154093002,51-70,Type I,208.61341327754945,105.35795794796569
Region2,2002,7.896379339414834,18-30,Type II,140.6127430373502,23.215094052779733
Region1,2019,2.747832524866986,71+,Type II,272.14903396212117,116.07850630734443
Region2,2020,0.11181436978104564,51-70,Type III,236.445284640667,53.67807277500101
Region3,2012,9.14173239898299,31-50,Type II,263.4456733731646,59.08708705701135
Region2,2007,9.280459877429935,51-70,Type I,73.50150535523858,80.26857699750568
Region2,2013,4.154486785729341,31-50,Type I,246.65284546541847,74.54884077634753
Region1,2017,10.32068145572946,31-50,Type II,159.63084710772108,49.059289147490944
Region1,2019,9.094762610167187,51-70,Type III,48.399949550818974,37.568423738132054
Region2,2012,3.49111122558225,18-30,Type I,54.8499049588421,24.354882575705926
Region2,2017,6.580117725139911,71+,Type III,184.81757379891718,67.27439026324492
Region3,2000,4.445337096570833,31-50,Type I,134.95316735144223,59.7718904854873
Region2,2001,1.2855386339369983,18-30,Type IV,49.1221380858971,5.882979233128468
Region3,2004,4.537296371501587,31-50,Type I,147.8192145115646,61.52414715014258
Region3,2010,9.280241793453019,71+,Type II,243.8803050436826,114.34420608480832
Region2,2010,5.754197394332607,31-50,Type I,88.05315334241143,54.0420994033879
Region3,2000,6.692417988709848,31-50,Type II,225.08702537337288,54.51642793395024
Region3,2002,3.9586142582654205,51-70,Type I,145.10330725802058,91.39583000656337
Region1,2001,1.9338332108299636,51-70,Type I,118.7483098001309,84.90996188652414
Region2,2013,6.270429448762731,31-50,Type I,142.79392495395902,61.54736177336629
Region2,2019,6.069555508130598,71+,Type II,201.69378859830104,103.98049102453857
Region2,2015,10.517426061556256,51-70,Type IV,133.39054205579276,23.24714101202308
Region3,2017,0.10294433066160336,51-70,Type I,174.03343390345466,94.8684533790879
Region2,2004,9.879703008800806,31-50,Type IV,50.20642659899998,12.66151785418008
Region2,2007,10.184317776185459,31-50,Type I,209.27491722632473,71.97704940731748
Region2,2006,2.64686224486051,71+,Type III,69.03639728215941,50.26359786889879
Region3,2009,0.5024479024087152,51-70,Type III,75.6077391880647,37.71150828952908
Region1,2015,9.337457614370337,51-70,Type I,218.07676620984032,109.21782781059028
Region2,2018,1.8587365985401987,31-50,Type II,297.56396247822795,60.31401722738485
Region1,2010,4.365725931068313,51-70,Type III,273.97378441449405,58.7070962207699
Region2,2018,4.985180502329267,31-50,Type II,153.49785792893826,46.845339943592606
Region2,2002,3.5749882330747638,18-30,Type I,111.7598631486192,28.165655189856235
Region3,2017,4.6918028613303955,31-50,Type III,150.15617323851154,30.948772121500177
Region1,2003,3.4237147795807323,31-50,Type IV,181.12337993983354,16.379817475952525
Region3,2019,5.777456420878796,31-50,Type II,101.2768513814033,41.86092206440397
Region1,2016,0.4401878199213739,18-30,Type II,224.85647033295388,26.3088516896359
Region3,2012,6.500659927745489,31-50,Type III,36.50109395858421,23.73353824945471
Region1,2003,1.6817571065197408,31-50,Type I,284.50288968923115,78.60642146783871
Region3,2013,10.74042860130597,31-50,Type I,226.02181754128452,74.43241377936033
Region1,2002,7.10169544950463,18-30,Type IV,265.7257730984898,9.783847657450062
Region1,2020,0.08711474104000605,18-30,Type III,121.40650686096276,14.055595036136094
Region1,2003,0.4297613231926525,71+,Type II,281.63757659802803,116.58537211352122
Region1,2017,2.9670431226373295,51-70,Type III,297.33281106115237,60.62339404290644
Region2,2012,8.403300306702894,18-30,Type IV,78.45027165210196,6.727669542870178
Region3,2006,1.0149078233563251,31-50,Type III,185.07898639744417,32.54158065783421
Region1,2010,7.282741547373384,31-50,Type III,264.0297849963963,39.0585339759011
Region1,2010,6.067331545866766,71+,Type IV,43.140174010245055,24.089477909856356
Region2,2005,4.801856264287611,51-70,Type I,239.47172359121328,110.77545847681523
Region3,2010,1.9507086707503558,71+,Type I,39.437409866380534,92.0772095676351
Region2,2008,0.3599134700522191,51-70,Type II,206.77385570691405,76.17803941756061
Region1,2015,5.636068148445168,31-50,Type III,55.84122742753877,24.849962124858287
Region1,2004,5.660702406494502,71+,Type IV,57.11771841536632,24.939988375656654
Region1,2019,0.16390008254855526,51-70,Type IV,107.63302770778262,20.406236397771416
Region1,2005,7.068332109150203,18-30,Type III,130.8904322543396,15.069847619393006
Region1,2003,3.9750837290850765,71+,Type III,166.64895169789455,63.80989371801997
Region2,2007,5.294380929647801,31-50,Type IV,48.24734887214004,12.137683055369447
Region1,2015,5.049951272328496,71+,Type IV,135.7500922594057,30.059996405092747
Region3,2015,7.673494418510438,31-50,Type III,288.496523776284,40.767800468787684
Region3,2010,5.568697258881003,18-30,Type I,159.0130142251175,31.714607066784033
Region3,2019,4.070572426605574,31-50,Type I,293.36052250895307,80.74296530516929
Region1,2013,2.1614653007760776,31-50,Type II,285.3984645192595,59.18828604215878
Region1,2007,0.3286925355014131,18-30,Type II,103.61925061341904,20.230266410996162
Region3,2005,2.4879915038222364,51-70,Type IV,249.8839770216551,27.867397576656092
Region1,2007,6.8399093874754495,31-50,Type III,123.56125454849162,29.605398847394532
Region3,2018,2.8395477362496155,18-30,Type II,204.2893997944284,25.64040215015886
Region3,2007,7.465641060918368,18-30,Type III,117.99581981763887,14.679758100013132
Region1,2000,10.313496800015589,51-70,Type I,83.1026172141116,82.80862152283169
Region2,2012,2.8222422170997774,71+,Type I,186.34823570046882,131.9506566271382
Region2,2007,8.51216050118734,71+,Type I,259.68859859786363,156.06002136038018
Region2,2020,7.217742799342846,71+,Type II,288.4016556313852,122.01097680588273
Region1,2008,4.395438821339814,51-70,Type III,100.8815088570376,41.40678253210571
Region1,2015,7.76960311348701,31-50,Type II,213.47632232822295,53.67851316686839
Region2,2020,3.076408534945625,18-30,Type IV,252.84958874992765,9.367980239246076
Region1,2004,3.2931685066438647,31-50,Type III,87.15060775146287,26.468674218092964
Region1,2010,4.405411763118722,71+,Type IV,168.24933975413308,32.09770500289928
Region2,2016,4.660714175762438,71+,Type II,274.4894046671443,117.69430943888631
Region3,2020,6.0751614035321,18-30,Type I,263.5194304918105,38.78299431349379
Region3,2008,4.217195431062396,18-30,Type II,33.04832223079741,17.28499542619923
Region1,2016,9.410321373400322,31-50,Type I,198.5243180616534,70.23403762424725
Region3,2014,6.962327033155682,31-50,Type III,201.5567848927361,34.82958439948021
Region2,2000,10.052999770436957,71+,Type I,297.5940919279332,167.40082433046507
Region2,2020,4.029024323810641,18-30,Type II,215.89817116351355,26.39926220674727
Region3,2015,10.831352423380034,18-30,Type III,175.732773468678,16.9408943579606
Region2,2012,7.824404030517297,71+,Type II,79.16955078729161,80.5285525757687
Region3,2019,8.450675733794183,71+,Type IV,101.29133320051079,28.442890693459557
Region3,2002,6.358886475951024,71+,Type II,251.35807995812334,114.08694787719527
Region2,2013,9.671118152733271,71+,Type II,48.785246342418866,75.55972016012373
Region3,2002,1.077143703301557,31-50,Type I,33.82555602691774,44.940931618242985
Region1,2017,8.578050913216051,51-70,Type III,195.06743269114622,52.08015854307944
Region1,2013,7.173009375314072,71+,Type II,212.55712246276354,106.81523011774115
Region3,2016,9.250906800100621,18-30,Type IV,252.94953350962348,9.678370898498756
Region2,2005,9.67128067404627,51-70,Type I,173.16063550102038,100.43489550463184
Region2,2007,5.113662398646122,71+,Type II,257.43971795470907,114.55614103012948
Region3,2001,10.58648789640371,31-50,Type III,252.8068537503089,38.97108782930134
Region3,2017,8.953724147647211,71+,Type I,135.19929150957296,123.21612372067055
Region2,2002,9.559960031303243,71+,Type II,54.51854501347268,76.63968502147648
Region1,2020,0.1416498810203286,71+,Type II,235.99754382432408,107.28449869347702
Region3,2001,10.422658011753503,51-70,Type I,290.5886068024275,124.3713161675376
Region1,2004,2.8011347652707297,51-70,Type III,267.15723351513816,57.556063781095034
Region3,2008,6.932605037315078,71+,Type IV,200.9907864666075,34.78590677190351
Region1,2018,5.0225904408860815,18-30,Type III,55.94241276553237,12.367006136273021
Region3,2001,6.729706834913486,18-30,Type IV,189.89161948325045,8.501345666466515
Region2,2003,6.3912044031405495,71+,Type III,34.239143785642995,47.12170093267529
Region3,2016,8.484178517642642,51-70,Type I,189.83364933854975,103.05723697829555
Region2,2003,6.0670335779160505,18-30,Type IV,255.10040058143704,9.555025021919754
Region1,2005,6.159310037732066,51-70,Type I,230.19257597871177,109.73410121838161
Region2,2001,6.509515212116623,51-70,Type II,196.23848686216965,77.36505487477793
Region2,2003,2.40254720015161,71+,Type I,62.54811956616062,98.60153631109745
Region3,2007,7.51838383638899,71+,Type IV,76.65801626894472,26.61421118520745
Region3,2001,10.813657290135708,71+,Type II,258.18095609760536,118.1243855936025
Region1,2001,10.187300305929625,71+,Type IV,189.69983344819337,34.684115624398814
Region2,2007,2.5846027474185274,31-50,Type IV,170.9107679044562,15.95548587155706
Region1,2004,10.754050672552966,51-70,Type I,86.19314355240417,83.69105911401262
Region1,2013,9.13162997875482,31-50,Type III,144.5890328981066,31.465594855624737
Region1,2012,10.633168416957632,18-30,Type III,186.83790381459485,17.291246968848924
Region3,2018,10.72173323591409,51-70,Type I,199.5855382902887,106.35014759960619
Region1,2000,5.123047140753871,31-50,Type I,219.93092805790073,71.37334259735498
Region2,2011,6.893429941534763,31-50,Type III,232.0282391131419,36.84723526251641
Region1,2019,2.9291867241197194,71+,Type III,197.63155917859112,67.52254924679337
Region3,2002,2.2950347196061234,71+,Type I,72.00765930291192,101.03807025646141
Region2,2013,4.932474983278791,31-50,Type III,176.4268733249605,32.74828655165312
Region1,2004,2.7568357186365473,51-70,Type I,50.19986765502259,71.69407496218645
Region2,2016,9.37870292502132,18-30,Type I,189.51595690192636,34.51013771179936
Region3,2016,0.6431026655250386,51-70,Type I,294.43979762395287,119.27382112410558
Region1,2010,3.1806871117894797,71+,Type I,102.15672025095994,109.78634175635423
Region1,2011,1.9541691103003083,18-30,Type I,135.7969928779774,29.443966680591892
Region1,2003,1.084357009188284,31-50,Type I,103.59175865681976,54.245977291251286
Region3,2008,5.607784489680134,51-70,Type II,180.90577963788837,74.65936996603932
Region2,2019,9.402792002638023,31-50,Type I,41.822473921875954,49.337446657305335
Region1,2014,4.792839196596245,18-30,Type I,298.36429075742603,40.84952055648098
Region1,2000,2.918331230571249,31-50,Type II,245.1235151471134,55.38785088388271
Region1,2020,9.703723523617183,31-50,Type III,196.69090053810487,35.05347140726376
Region1,2020,10.13239369755683,18-30,Type I,249.40905830867632,38.65374929342312
Region2,2000,5.56378496043471,18-30,Type I,89.78046061008558,27.098121032759316
Region3,2002,7.239376832510493,31-50,Type II,261.7771668522845,58.349529734981594
Region3,2011,0.6764850969015757,18-30,Type III,295.5707939503097,19.920008308033815
Region2,2005,3.755458317697199,51-70,Type I,201.59371007646482,102.57201700591128
Region1,2002,4.28592760906346,51-70,Type I,181.94504849724675,98.96056626488743
Region2,2007,5.560203169845137,18-30,Type IV,151.86814283702142,7.809145872442613
Region2,2012,9.335132305876378,71+,Type II,203.5160477414505,106.30428893181592
Region2,2011,8.905230096936455,51-70,Type III,207.19654617491318,53.39122364657225
Region2,2019,0.10755269394539757,31-50,Type III,179.9345716275338,32.017148647291336
Region2,2001,1.7090830551904195,18-30,Type III,235.77984898715593,18.030236605090906
Region2,2016,4.148770776172675,71+,Type IV,125.62347863218419,29.204652730713484
Region3,2018,5.632191757828291,51-70,Type III,249.02404949303155,56.59206247665164
Region3,2018,6.676880893905096,18-30,Type II,201.53149011324095,26.07810663974781
Region2,2014,1.5883760105036673,71+,Type II,123.30868543919176,85.61476269414055
Region2,2015,7.659199314137969,51-70,Type I,78.41129601773274,80.27777879202932
Region2,2015,9.798571260517765,18-30,Type I,160.0457444572968,32.62943054925667
Region3,2005,2.4608954305622066,71+,Type II,152.59858567430942,91.99625439319921
Region1,2001,5.938740507756,31-50,Type III,109.5484249446244,28.490976431192827
Region1,2010,10.887413515827648,71+,Type I,189.68259638239547,139.29195651463425
Region1,2002,7.0854154767944655,71+,Type I,31.457351765859965,94.05695951899824
Region2,2008,1.0257939323331724,31-50,Type III,118.13347298101613,28.080723651867707
Region1,2019,8.506905193740655,71+,Type I,205.24734556689532,141.53814963949793
Region2,2015,5.586610330429445,18-30,Type II,36.98567098145871,17.687275098637354
Region1,2007,1.2321617335984694,51-70,Type IV,185.67202107763995,24.46842531392177
Region3,2012,5.666682418172285,51-70,Type IV,131.64749715479718,22.432377220465703
Region3,2003,8.307636067991277,18-30,Type II,234.58876657488187,27.975583738942788
Region2,2001,1.2885607696443167,51-70,Type I,87.34954093694117,78.24304464917482
Region1,2016,3.9188156372916354,51-70,Type II,251.8261098108908,84.53738350841485
Region1,2017,0.9063598141110573,18-30,Type I,85.83996684890994,25.90393641941621
Region1,2016,1.6664676614525171,71+,Type I,193.74729390157427,132.99911916958183
Region1,2005,0.5774690719102044,51-70,Type II,83.47106906985469,57.780521442837795
Region1,2019,2.487574130265548,31-50,Type II,177.74144922161335,48.520417161241
Region3,2010,4.996555429081067,51-70,Type II,157.89595794694787,70.93284363512866
Region2,2019,8.705630298746417,71+,Type IV,90.45915659315196,27.771736499292746
Region1,2017,7.549309981675314,18-30,Type IV,187.58724452996947,8.503919574583257
Region3,2013,6.462923031830025,18-30,Type I,89.63032549228356,27.26793963918491
Region1,2000,10.85253141589379,18-30,Type II,167.39056414591423,24.997407919679777
Region3,2001,5.100641554891769,31-50,Type III,261.3519421134088,38.44359111853895
Region2,2006,10.0665928284536,51-70,Type I,263.2683549930946,118.69362669569107
Region1,2009,3.703041430894155,18-30,Type I,204.76536819396,34.39163283244283
Region1,2005,4.691293267541133,71+,Type IV,155.63749961000184,31.314091960841683
Region3,2012,4.369948465294221,18-30,Type III,210.7353448642232,17.46150634200353
Region2,2010,6.565014649959301,18-30,Type III,248.77585485222818,18.949029960070202
Region3,2016,10.252624024465893,51-70,Type IV,243.70187573565346,28.72298739045256
Region3,2017,8.445553529821467,51-70,Type I,178.06889189464272,100.68111049682142
Region2,2004,9.173401610632165,51-70,Type IV,112.99818715812981,22.025919599501314
Region1,2014,8.713158187243078,71+,Type III,207.61253188577373,71.16693419300039
Region1,2013,10.4709041651575,51-70,Type IV,35.12717350487301,18.326994300017276
Region3,2017,1.2563370758208359,51-70,Type II,291.56850850872644,89.30062796042834
Region2,2006,8.958372073682794,51-70,Type II,119.01916081632184,66.88414155560554
Region2,2010,7.395001070933218,18-30,Type I,142.7301441513879,30.994343157612505
Region1,2005,0.360116783902104,71+,Type I,177.9391967907377,127.73854590465173
Region1,2004,4.387322794566502,31-50,Type IV,223.72184896025553,17.8961272447985
Region3,2004,3.5029553085354665,71+,Type II,73.68236420643174,76.83824602640763
Region1,2020,1.1351244473864541,18-30,Type I,131.48347147389245,28.992589654403456
Region2,2018,3.4083776025770796,31-50,Type II,116.10312795041786,42.63282607581491
Region3,2018,1.2363019785209524,71+,Type IV,45.10730980487178,23.254414382695643
Region3,2010,0.04246028909365762,18-30,Type III,152.54508032918733,15.089082039882276
Region2,2011,9.763596011681198,18-30,Type III,53.74941774559426,12.768006859354596
Region1,2014,1.725273163916666,31-50,Type III,268.1823606222406,38.22387867426604
Region1,2019,5.366223783362733,18-30,Type I,173.01270284326486,32.60742494622354
Region2,2016,0.6094846270982298,31-50,Type III,250.80792576616517,36.84242530983066
Region1,2001,8.930932982426357,71+,Type II,190.79929108951748,103.51841800735932
Region1,2008,8.316810602616776,31-50,Type IV,282.6579975897518,20.253614313253404
Region3,2007,9.017327136603505,31-50,Type II,52.06633028152965,37.91183116913402
Region1,2005,7.863186166305012,18-30,Type II,227.64425398281293,27.561690624086395
Region1,2015,9.354456865900545,51-70,Type IV,214.33530299443544,27.119933679606852
Region2,2009,3.2705761912155196,18-30,Type IV,244.7046876212731,9.241940269915329
Region2,2020,2.998990014480282,18-30,Type II,184.68085753804075,24.683891379074076
Region2,2000,0.46366100790801834,71+,Type II,111.39221257861966,82.55663912046874
Region2,2014,10.686280353002852,31-50,Type IV,114.35891143076397,14.880591749659084
Region2,2002,3.366250881195494,71+,Type III,269.65738566407447,77.30081844102145
Region2,2019,2.50166277429005,71+,Type II,125.71488481251404,86.64397462707683
Region3,2004,0.7507855651242826,31-50,Type IV,249.81076261072369,18.402103976869885
Region1,2000,4.728057687832603,71+,Type III,236.79286364079346,73.46360489390551
Region3,2020,8.894689431426674,51-70,Type IV,167.72126129040254,24.72026647923413
Region1,2005,3.5155185051941125,31-50,Type II,276.26044795425344,58.680700346983585
Region2,2017,8.584069990749283,71+,Type I,111.20490374260895,116.52189699062848
Region1,2004,8.512773015625209,51-70,Type III,31.765550913432357,35.730386996030795
Region3,2000,10.301688588523886,18-30,Type I,234.59013841046274,37.69968027840229
Region1,2017,2.824943404362055,31-50,Type III,236.49100291348842,36.33105554177164
Region1,2017,6.435504744684024,18-30,Type III,82.88130164597193,13.406260529334133
Region2,2008,10.223866108951096,71+,Type I,250.2299704780055,154.907085014629
Region3,2009,2.5833019610959536,51-70,Type II,261.92635954210755,85.45143981380932
Region2,2004,1.4831520350827934,51-70,Type II,207.41598088469195,76.77981554849104
Region2,2009,4.184946430078863,51-70,Type II,170.2704386727534,72.4237916944485
Region2,2012,10.014505068460712,18-30,Type IV,199.68693466342893,8.82884083114685
Region1,2016,8.244905032570898,51-70,Type II,201.9464465285514,79.00217424393962
Region1,2003,0.41225439385867024,51-70,Type IV,259.21720803606695,28.022698560882144
Region3,2000,8.50588266704443,18-30,Type III,91.9208269130148,13.914615830471604
Region1,2014,4.970144874666218,18-30,Type II,277.59147914164583,29.625095688282226
Region1,2000,7.329524390525593,51-70,Type III,286.4679581145845,60.84565312861613
Region3,2011,7.815314868629963,71+,Type III,89.41326155895898,55.04789415531318
Region2,2001,6.0828276784362645,71+,Type IV,58.42383318383919,25.111487747943197
Region3,2018,7.663460880030745,31-50,Type III,211.8698566339877,35.65734928493866
Region3,2014,6.988452885056925,51-70,Type I,60.49149088652074,76.2913699083383
Region1,2012,7.494692409731487,31-50,Type I,97.24919974343682,55.96443692968417
Region3,2008,1.1429160177572903,18-30,Type II,74.32180284884197,18.88752754510569
Region3,2005,8.33181295350752,18-30,Type IV,261.7455132663473,9.779015868781165
Region1,2002,5.40051602295358,18-30,Type III,275.40712158769946,19.720288988552007
Region3,2017,2.0766010736218914,18-30,Type II,114.59227377098745,21.041103849592655
Region2,2015,3.4270304826255047,71+,Type IV,119.55984821605502,28.6560626442621
Region1,2003,6.82586931460556,18-30,Type I,155.34542437688344,31.721535488046676
Region2,2016,10.602987170877817,18-30,Type IV,66.72971846871604,6.642311333022492
Region3,2018,2.068891127885686,71+,Type I,240.87082629617075,145.88733324795407
Region2,2005,9.848216382878945,18-30,Type IV,173.9358476995808,8.39134161413696
Region2,2018,7.114529910597542,31-50,Type IV,110.11240565393604,14.381866512857624
Region1,2007,5.472278347334706,51-70,Type I,160.11685053887248,95.30673711617533
Region2,2017,4.07214769740198,51-70,Type III,190.0593739860494,50.227581707825536
Region2,2004,1.6933707796039639,18-30,Type I,122.91991529177565,28.5333351753725
Region2,2013,1.3271090465506925,18-30,Type IV,102.40533200088487,6.773110985675615
Region3,2019,1.4402827700096186,18-30,Type I,69.41049843306408,24.915423116206195
Region1,2015,2.509461776183015,71+,Type II,214.0000963988017,104.30569634547015
Region2,2019,9.378973855473223,51-70,Type II,149.3971578897672,71.63011191842803
Region2,2014,2.696276518483262,31-50,Type II,53.73547702765273,36.18243065831025
Region1,2018,3.921333760673439,71+,Type II,194.21622136181284,101.19604452876663
Region2,2000,10.251481889615196,71+,Type I,61.491544836833455,104.59893080151441
Region3,2004,5.283250476662221,71+,Type I,66.03201796632729,101.83513850568372
Region1,2006,6.512970331317024,31-50,Type III,204.65050408317182,34.94596100514153
Region2,2020,9.11607732169362,31-50,Type I,262.31082745516403,78.62120792269931
Region3,2012,1.5714165839927396,51-70,Type II,226.17200081947684,79.63293758571825
Region2,2003,5.87095433748304,31-50,Type III,296.3192481214999,40.92880740892994
Region3,2018,1.0868641285612313,18-30,Type III,96.14719734479893,13.313592991016087
Region2,2013,5.97060908582026,18-30,Type IV,253.05068825157673,9.516041925150626
Region3,2019,6.538165252634848,51-70,Type I,191.13639845238816,102.15017884205855
Region2,2017,6.006983037119941,31-50,Type I,233.59415004858525,73.54867988799268
Region3,2001,4.007130321907306,51-70,Type III,159.61442176826642,47.16358127339883
Region3,2018,9.332823660893268,51-70,Type IV,63.667067790233574,19.583276938645668
Region3,2012,3.405972457152386,31-50,Type III,248.78748099933182,37.2670265580526
Region3,2015,8.403203003701204,71+,Type III,123.7765947577189,59.86482716917634
Region1,2007,4.9333032559711505,31-50,Type I,73.84107335168193,51.81879774927938
Region3,2002,8.8596328397568,18-30,Type II,174.00454471609038,25.02917216176804
Region3,2007,8.706912195554395,31-50,Type IV,172.60559771819953,16.624211143495423
Region3,2013,9.02989984004326,71+,Type III,100.45086517965032,57.00540862663735
Region3,2016,7.599578487534865,31-50,Type I,232.47107236245316,74.03597437667437
Region1,2001,8.337579901187361,18-30,Type IV,126.72949801444588,7.5290372953001325
Region2,2016,8.577229811487475,18-30,Type III,173.31783650150246,16.634984197865496
Region1,2013,8.264810704207669,71+,Type I,177.31066447120762,133.89469242235484
Region3,2005,4.312879453791749,71+,Type IV,285.06627191464713,39.86699401840149
Region1,2018,2.1718544069875856,18-30,Type I,294.47197947344796,40.06583617962738
Region1,2016,10.67143959620168,18-30,Type I,216.16705489673146,36.54542491235577
Region3,2012,2.8194115776779873,31-50,Type I,30.2194048306486,45.15701860849101
Region2,2004,10.784125871526225,51-70,Type III,246.13726966125154,57.84896472758302
Region3,2016,1.1240263259357213,51-70,Type II,269.79419948510395,85.97494176943667
Region3,2019,9.096718981412515,71+,Type III,295.2147939609935,83.00066012069748
Region2,2014,2.3266977992591524,71+,Type III,35.27898651871815,45.634543988866085
Region2,2008,9.140429645266217,51-70,Type II,262.09289996184316,88.42712833464628
Region3,2014,0.7610328516190704,18-30,Type I,263.992113550732,37.75168080703928
Region2,2017,9.533732770395066,71+,Type II,82.03404300371461,82.12704826297997
Region3,2010,4.601997703695543,31-50,Type III,256.3685187763976,38.01163412583228
Region2,2014,10.173073610398841,51-70,Type I,42.62295609710985,74.62843538566128
Region3,2006,7.065072626855031,31-50,Type III,48.718053830380526,24.66088478072971
Region1,2013,5.679994612560954,31-50,Type IV,190.15390713571776,16.906463032446688
Region2,2004,6.239646112790725,18-30,Type I,290.6057105333521,40.62164325811496
Region2,2015,5.9010120176115,71+,Type IV,157.04129857331773,31.64962230841015
Region3,2014,1.504469304570001,71+,Type III,131.99484686610697,58.20110063730893
Region3,2010,7.38725158294436,71+,Type I,164.312806466763,129.72654965749228
Region1,2011,1.9658881746544283,18-30,Type III,296.8119528941659,20.090320580604306
Region3,2014,9.219930449602936,31-50,Type IV,209.24401550936363,17.89679356193908
Region2,2011,0.6919765737565416,31-50,Type I,178.3674473492358,64.05911694273405
Region3,2020,10.498409686268099,31-50,Type II,243.8815100819068,57.537673914071114
Region1,2002,1.6385451624779346,31-50,Type III,158.00873925846724,30.861624983060068
Region2,2000,1.7102054303972856,71+,Type II,165.18887411133045,94.06389808050447
Region3,2014,0.770976402480188,71+,Type I,239.05944125248246,144.36596545597948
Region1,2006,1.6479705387316965,31-50,Type I,158.82166559436453,61.83541029474128
Region3,2018,6.313930741896503,31-50,Type II,64.86634939173871,38.38081416174282
Region2,2014,3.9259431379804295,18-30,Type I,39.024577013849694,23.386827095186064
Region3,2013,10.2722398694956,71+,Type IV,203.65421628282886,35.63139572608771
Region2,2012,4.029598770705807,71+,Type I,58.58616832213318,98.84665723580017
Region1,2005,10.187555161531813,31-50,Type I,269.7913669375213,80.04720432294889
Region1,2019,0.6442414770420849,71+,Type IV,165.94439314565358,31.19180783845199
Region2,2019,2.419339711592526,71+,Type II,34.215915805256834,68.29478698800688
Region1,2008,9.269458129007065,31-50,Type III,103.19657252497588,28.73366312746647
Region3,2008,1.8004038166564698,51-70,Type IV,187.45551014863182,24.642836079930063
Region1,2015,2.8627779229531223,51-70,Type III,118.99771881487005,42.758605258372945
Region2,2020,4.083391269259263,51-70,Type IV,132.80919330334243,22.252968355556007
Region3,2010,6.4261831637412445,71+,Type III,271.2237754907055,78.7336433309239
Region1,2010,4.315422232803444,18-30,Type I,205.22585292013935,34.54480797456998
Region3,2020,2.9499040874191804,71+,Type I,96.95245290885138,108.21391071229573
Region1,2017,5.3563859408911325,31-50,Type II,265.8960824186697,58.196524024134305
Region1,2000,5.850449956857064,18-30,Type IV,256.97906424984296,9.575506902006902
Region2,2007,10.586513020697145,31-50,Type II,202.63021474046167,53.438975380255314
Region1,2006,7.4355007707228955,18-30,Type II,95.8706543295665,20.90885783208676
Region2,2002,2.113905707177435,18-30,Type II,249.0361059767978,27.768891154916506
Region1,2001,8.374633036140791,18-30,Type I,144.98443415008714,31.340555550567302
Region3,2016,10.792559455241395,18-30,Type IV,105.59067530379289,7.299472561158618
Region1,2013,1.6578665821795675,51-70,Type IV,88.26358848094232,19.661859411374053
Region3,2017,1.7847699129854098,18-30,Type IV,98.12722387440873,6.724692226889417
Region2,2007,1.261490861717299,18-30,Type IV,153.33831443145988,7.618713116943529
Region1,2001,3.198376166672242,31-50,Type II,196.52047791433662,50.61156064143533
Region3,2002,7.655716403217774,31-50,Type IV,273.6957155360618,19.888762158190502
Region1,2000,3.660545311479833,51-70,Type II,253.50952792295925,84.6736745786098
Region3,2018,1.0500227710662835,18-30,Type II,85.21961689611972,19.418484260465927
Region1,2006,6.928920567291515,31-50,Type IV,271.24352614649774,19.734342928279077
Region3,2006,8.526520305695614,18-30,Type IV,123.07425220844738,7.477563552092237
Region3,2003,4.455456393115611,18-30,Type IV,169.89125008940917,8.054293654479267
Region1,2004,7.334986446940224,71+,Type III,119.23074180189633,58.831426819028934
Region1,2019,6.479342349004299,18-30,Type I,250.04213640111482,37.96534422987518
Region3,2018,7.0800841495391085,31-50,Type II,59.79102371571065,38.1031276164328
Region2,2006,4.640703496115065,71+,Type IV,279.2981309532473,39.54801609610617
Region2,2014,5.2480943266779345,71+,Type I,88.88520590172666,107.90119703513614
Region2,2015,8.964445683819937,31-50,Type II,99.61553168697118,42.6508868738431
Region2,2017,6.458342052303163,18-30,Type IV,77.44142289019429,6.613607484118397
Region1,2001,1.0371691343741625,18-30,Type III,61.227599791315356,12.144636906481262
Region3,2009,0.3283907499762627,18-30,Type III,186.8367393695063,16.260730387314503
Region2,2019,5.623767797808204,71+,Type I,148.5665239348553,124.11675395420798
Region2,2017,5.991258060165189,31-50,Type IV,250.56296013912825,18.951224477320793
Region2,2011,8.977848965737461,71+,Type II,121.03351199622286,89.59341177868706
Region2,2000,8.034805044140674,71+,Type III,240.64221094407358,75.29955014353276
Region3,2003,2.479212102488631,18-30,Type IV,188.3083932896893,8.262433826619253
Region1,2004,8.729567463562663,51-70,Type IV,215.66347067132847,27.09260865310082
Region3,2020,6.920271862705178,18-30,Type IV,157.05333266672807,7.963569137580727
Region2,2019,2.5659808081636517,51-70,Type II,104.76736342585619,61.86979587755207
Region2,2015,5.674607325039716,31-50,Type II,31.99016656259927,34.90139885377184
Region2,2005,2.6403042518706057,71+,Type III,98.59345062360607,54.20191511722905
Region2,2020,7.9389515796491406,18-30,Type III,184.2411164513356,16.93526570634277
Region3,2004,3.320520948932601,31-50,Type III,173.622060307743,32.238908210302725
Region1,2009,5.46418865969788,51-70,Type I,290.5690981620089,121.3923328282205
Region2,2016,9.880159100751523,71+,Type I,222.0283020068684,147.1116744824328
Region3,2016,10.860975230753906,71+,Type I,73.04707902544487,108.1680012580551
Region2,2005,10.536885194486459,31-50,Type I,297.72184476601626,83.91100004659674
Region2,2000,8.475130362783677,31-50,Type III,123.25954211668385,29.912328880335657
Region2,2003,1.4982359129198384,31-50,Type III,189.28374695155915,32.91856364602124
Region3,2008,5.147418095586424,18-30,Type IV,63.64516612609519,6.318123673547575
Region1,2009,10.651140684369755,71+,Type III,221.7397846990527,73.82576090028827
Region3,2010,3.8831055114412845,31-50,Type II,281.186015329203,59.28353318635268
Region3,2006,1.7544620344865531,51-70,Type IV,111.214674289535,20.823903019649734
Region3,2012,2.1044381130470677,18-30,Type III,248.56643604893324,18.495991679602483
Region3,2011,6.042831542698649,51-70,Type III,293.231153726699,61.13596483547949
Region3,2002,0.23871992714056822,71+,Type III,115.00626322186395,55.429656400438084
Region1,2017,8.472875844460319,71+,Type III,70.78059649627076,52.82656320395357
Region2,2007,4.3182592564243,51-70,Type IV,290.511299516978,30.173303864312548
Region2,2007,2.4569403647165133,18-30,Type III,198.54868727740958,16.863983612385304
Region3,2006,3.2075634736795164,31-50,Type IV,73.92671365614115,12.784980135905991
Region3,2005,8.834584883206146,31-50,Type I,186.98332460480972,68.46494390059041
Region3,2009,0.40899256240912696,31-50,Type I,145.81907977086297,59.606140994412044
Region2,2012,8.484529388716485,31-50,Type IV,47.11833612090989,12.419064142901979
Region2,2008,8.38526603815713,31-50,Type III,271.13977956595227,39.75303851202824
Region2,2001,0.8969534100060265,51-70,Type IV,255.5635355290916,27.912719787955485
Region3,2014,9.141400279843626,51-70,Type IV,85.62316171460982,20.652368127707035
Region3,2013,1.8924637995104536,18-30,Type II,255.30338118544395,28.049038629198765
Region2,2015,1.5007560592251659,71+,Type IV,242.8264385083332,36.488580445733916
Region3,2004,1.8304131578852758,31-50,Type II,230.19761667056284,53.568885614421866
Region1,2020,0.030338098243630318,71+,Type II,94.6322004154728,78.94464294204073
Region2,2002,5.868023581926433,31-50,Type II,40.112889344529876,35.77169600903092
Region2,2007,4.058734367585682,31-50,Type IV,250.87853958644845,18.76849142297352
Region3,2013,1.575785536147186,51-70,Type III,242.50115315863422,54.72285097670758
Region1,2008,9.556014346755354,18-30,Type II,82.53025711338768,20.55991500768269
Region2,2005,5.568218330479365,31-50,Type IV,101.28054169908805,13.932839889684203
Region1,2007,3.8357887576469194,71+,Type I,95.86142512456274,108.63167770600094
Region1,2015,5.859926363463037,18-30,Type II,171.37560038626648,24.447768973832783
Region3,2015,8.901330922918987,51-70,Type II,226.4630575370864,82.9750575458765
Region2,2009,1.8802828658251494,31-50,Type II,105.26277019129266,41.09036187887681
Region1,2019,9.522442704129029,51-70,Type II,78.95404074792393,61.12820532904665
Region2,2009,6.43989275412589,31-50,Type IV,223.89006907089424,18.10699157777573
Region3,2011,6.770850839834793,71+,Type I,283.1754157825476,160.9301248805472
Region2,2003,6.473963897947527,18-30,Type II,128.3575140425204,22.38897028681815
Region3,2007,2.4345103113659614,71+,Type I,160.48821615129003,124.74446588943678
Region2,2018,2.032123926514865,31-50,Type II,276.7495902028131,58.284596198235775
Region2,2008,5.250875474648768,31-50,Type I,238.5926650581691,73.91270553094873
Region3,2001,3.919770082130258,51-70,Type IV,77.23930606641673,19.449930815640375
Region1,2003,2.649199839044494,18-30,Type III,85.39060746088211,13.111273565933853
Region1,2018,6.393962255406345,71+,Type I,44.47192641772751,96.97435018238575
Region2,2017,9.418030494505487,18-30,Type I,102.96829749926448,28.74815926551873
Region2,2014,6.125875094353695,31-50,Type II,157.79861299749587,47.6176238280557
Region2,2010,9.97175552349093,71+,Type I,112.1339142190844,117.87978154388192
Region1,2010,7.884745088917057,51-70,Type I,157.26667743265793,96.18418253988182
Region3,2011,9.904810053969822,31-50,Type I,196.33051159292265,70.13932556731095
Region3,2013,2.2188180014633994,51-70,Type II,281.3358365195295,88.19884357858795
Region3,2014,6.4607025960233475,71+,Type III,279.3441325825107,79.8301653827441
Region1,2005,3.901455242068117,71+,Type III,198.01237397855576,67.96223196063468
Region3,2010,8.180756175066595,31-50,Type II,128.8448965779941,45.33871651031939
Region1,2007,4.948676352474953,31-50,Type III,99.62568920804604,27.631447884364725
Region2,2017,4.533992726794021,51-70,Type II,193.8745511449158,76.12147939879468
Region3,2005,1.57276660881324,31-50,Type II,204.75328366301196,50.947158348945166
Region3,2006,3.9000992214864985,18-30,Type IV,102.35493800784862,6.900920594538468
Region1,2011,7.345837898747975,18-30,Type I,45.823615993603454,24.524075312656493
Region2,2011,5.5964982554993465,51-70,Type II,125.45102552467216,66.33607804367553
Region3,2017,5.7104510666321895,51-70,Type III,287.7260873046695,60.4857440504566
Region1,2018,7.12982459591793,31-50,Type II,90.62795257236505,41.20174263601188
Region1,2005,3.034213072767204,31-50,Type I,113.7573685413212,56.381334367949705
Region3,2017,2.4282088752386843,18-30,Type IV,109.0684643974269,6.939218183719049
Region2,2008,10.645344376750915,51-70,Type I,219.36885323855995,110.26097727376253
Region3,2017,1.516144324381004,51-70,Type III,228.45325568221125,53.30016886553542
Region1,2010,0.8909800319758302,18-30,Type IV,149.9659506990722,7.543981513249994
Region1,2007,7.740153802871427,51-70,Type III,276.4609941362951,59.96814555449094
Region1,2011,7.118378537299844,31-50,Type III,225.81656288767658,36.47811323330507
Region2,2014,4.080705771759005,51-70,Type I,269.7543927706437,116.39930201718413
Region1,2000,0.8446487023272164,51-70,Type II,260.06619957544774,84.39002185236441
Region2,2001,3.074829377166956,31-50,Type II,238.60011371190694,54.782460184340785
Region1,2001,0.684470269823346,31-50,Type IV,116.65129835876648,13.956823638941218
Region2,2004,10.880334359815254,18-30,Type I,66.94976681573107,26.639384659678456
Region3,2012,7.649480885898887,18-30,Type IV,211.78833391363926,8.912279609522265
Region2,2008,4.750824101929151,18-30,Type II,219.06331192627607,26.66578921160318
Region3,2018,10.11702970434709,71+,Type IV,233.29373080291882,37.57632132773067
Region2,2012,6.2199032688305875,71+,Type II,248.8726557170099,113.50647310470035
Region3,2019,7.824024697142421,51-70,Type II,137.8722055552941,69.20164194700821
Region2,2003,5.574467188036622,31-50,Type I,130.76476194119527,59.66508846737402
Region3,2010,9.091257468917025,51-70,Type IV,115.2641480827741,22.126896024476256
Region1,2007,10.80691142670834,31-50,Type II,146.932534826574,47.9353269106699
Region3,2020,4.533406468213855,31-50,Type III,265.40974029015626,38.600663979653184
Region2,2014,1.620270609593374,51-70,Type IV,30.516909640305922,16.768886073454304
Region1,2008,4.420289697031335,51-70,Type I,178.5178683194149,98.35574748210178
Region1,2014,8.774831093379424,71+,Type I,90.39686387728726,111.12569524198014
Region3,2003,0.0020538532576004354,51-70,Type II,184.88605652780484,72.73383271313665
Region3,2003,10.500542603321943,31-50,Type IV,53.27957128212663,12.826039969736415
Region1,2017,7.287659219912459,31-50,Type III,52.87137237662657,24.98229000242426
Region3,2012,3.4171262197520873,51-70,Type I,81.2963603001179,78.30954779187483
Region1,2013,5.388035074642609,31-50,Type II,295.964936100308,61.212904132423574
Region1,2007,2.9048001805229156,71+,Type I,204.37390748017185,136.8235488057975
Region3,2015,4.795244126931226,31-50,Type I,146.36546702522153,61.43349325413536
Region3,2014,7.020410100347938,51-70,Type I,111.42297522057798,86.49684110432436
Region2,2007,7.414850178901483,31-50,Type III,186.82555014265137,33.93800671195706
Region3,2019,3.550506780483816,18-30,Type III,152.3635300619526,15.433835013446803
Region1,2010,0.2526286406471272,51-70,Type III,154.81247026727726,45.557035618921866
Region1,2013,4.149137525600985,71+,Type III,133.904307646052,59.51356269638066
Region2,2018,4.129157973829704,18-30,Type III,95.13379054367229,13.584042148838712
Region2,2001,4.5322686114176,18-30,Type III,52.80181402513678,12.213287328646318
Region1,2011,10.622980204908048,18-30,Type IV,215.27120609461858,9.119002445155711
Region2,2018,10.671066731811248,71+,Type II,77.85746256435135,81.97413255195701
Region1,2014,1.6358554614147556,18-30,Type III,144.88370336292058,14.993042324905495
Region3,2005,10.047758709587745,18-30,Type III,188.55684379834105,17.290003997570143
Region1,2008,10.763056080236609,71+,Type IV,69.65115741554547,26.796021710417023
Region2,2018,2.823122573875205,18-30,Type IV,191.28711610963435,8.329274730521
Region3,2002,8.15126290215022,51-70,Type I,127.7871151760345,90.44818077649704
Region1,2011,1.9300033487560766,51-70,Type IV,99.01263567580843,20.240132286103833
Region1,2012,5.191622026401941,31-50,Type I,178.12175843788478,65.82621660227875
Region2,2011,6.679250577547816,51-70,Type III,297.0461200897401,61.708387182238354
Region2,2008,1.9754732823326853,18-30,Type III,237.5183141814046,18.11482446761342
Region1,2004,6.019025028736609,51-70,Type I,107.01924474483914,85.01526396620979
Region3,2017,8.127144249322141,71+,Type IV,165.41466722992305,32.6530733318593
Region2,2012,7.3415953633270075,71+,Type I,139.63905675843023,123.11035809290966
Region3,2017,6.938211438313181,71+,Type I,171.87437909950637,131.3837369105189
Region2,2010,1.3247546642193535,18-30,Type IV,216.71820113653592,8.678207752153233
Region3,2016,10.52028465479165,71+,Type I,242.69024619291355,153.13362670861028
Region1,2010,1.5500874510790332,18-30,Type I,288.06150994046874,39.514118152913724
Region3,2011,6.7346180972759155,51-70,Type I,109.66568761531222,85.97390838142799
Region1,2002,1.424845411748288,71+,Type I,117.54891903082243,112.48625473761794
Region3,2010,5.936736731691545,18-30,Type II,36.04156908089248,17.692588963798357
Region1,2012,9.54176993034936,18-30,Type III,110.90873548846992,14.6511348426506
Region1,2017,6.933139746889394,18-30,Type III,284.26145053205727,20.16869565909085
Region3,2007,9.994453549085959,18-30,Type IV,255.01787617724446,9.750020613741706
Region2,2016,7.24398693574946,71+,Type I,62.12634192107113,102.36221406088521
Region1,2010,5.009396692440336,18-30,Type III,290.4527842009548,20.182699142609195
Region3,2002,5.13548494469302,51-70,Type I,269.735891235615,117.02846921393879
Region1,2015,2.3280126234306477,18-30,Type II,261.6853048200837,28.433467134518782
Region1,2011,10.492471309092288,51-70,Type II,279.4751534709287,91.64288510973083
Region3,2014,3.420185940478694,51-70,Type IV,174.176722976482,24.221864039895905
Region1,2019,4.399404676565175,51-70,Type III,292.1583153427689,60.53565293724644
Region2,2020,0.3276849786886197,71+,Type IV,37.073187162830735,22.537082806593105
Region3,2009,4.268067218075291,51-70,Type II,181.85606660122068,74.19904023831697
Region1,2003,1.2837633261654298,51-70,Type I,130.73564254457523,86.9173865046143
Region3,2016,2.105680944476051,18-30,Type II,182.29810625999713,24.430757454671266
Region3,2000,8.68492136107721,51-70,Type I,272.5586614837514,119.72268511339661
Region2,2013,5.194090708724748,71+,Type III,151.3286547185754,62.25479024596662
Region3,2006,9.215129878483976,71+,Type I,91.4120685346773,111.74865551203447
Region3,2004,3.5513379606273845,71+,Type III,126.8598181625299,58.3351776059216
Region3,2003,4.215157103847016,51-70,Type III,150.347595363423,46.2993066674964
Region3,2019,9.153480481935048,31-50,Type IV,152.83209897275887,16.009751347285466
Region3,2017,0.7439468588844206,51-70,Type I,121.21488588087236,84.68934529150513
Region1,2016,9.024646971858948,51-70,Type III,154.91455785109883,48.198849876667566
Region3,2007,2.259289533840411,31-50,Type III,123.56029339705232,28.689210799904906
Region1,2011,7.20423420365277,51-70,Type II,111.15778651741738,64.91557336925635
Region1,2002,5.861564452281768,18-30,Type II,262.5334971910918,29.005909527396852
Region2,2008,8.682140382020846,51-70,Type IV,258.19422057236505,29.212032085921383
Region2,2008,8.431476608833588,31-50,Type IV,106.68517967525574,14.399320316725216
Region3,2006,6.3294440979234015,51-70,Type I,270.868424607184,117.97135138019084
Region2,2020,6.387582285226593,18-30,Type I,144.38836815655458,30.90340766748229
Region1,2001,8.077971302104398,51-70,Type III,123.16545068244146,44.73993645887547
Region3,2004,6.716195699882595,71+,Type II,87.88636921055743,81.60699126204105
Region2,2019,6.148907998532858,18-30,Type III,221.9711490528869,18.01392910161618
Region1,2011,5.47464888429079,71+,Type I,37.86908421198628,94.47814156396231
Region2,2005,10.532607861582367,71+,Type I,192.22270778666774,139.6854750323773
Region3,2007,2.43363940976898,18-30,Type IV,37.55440040935534,5.747588643977705
Region2,2010,4.808036702364495,71+,Type II,108.92839741303982,84.67050150402667
Region3,2009,4.606661340281684,31-50,Type III,292.7106969451304,40.43537873106503
Region3,2019,6.452120458680494,31-50,Type II,189.79541763563552,50.915177901167695
Region2,2019,7.521612200695081,18-30,Type IV,109.11365762052174,7.194641570376783
Region3,2018,2.450482150978604,71+,Type I,107.84986189785856,110.72034889354516
Region3,2019,6.180433786019739,51-70,Type IV,63.85650749074736,19.11989044244033
Region3,2005,10.124276753911388,31-50,Type I,119.31796839452716,59.95877315416818
Region3,2013,2.577818025872197,31-50,Type II,151.58752461995618,45.93209786975728
Region2,2015,1.2188436823094637,18-30,Type IV,222.7044576718733,8.772683145313362
Region3,2019,3.0715565602238093,71+,Type II,182.99510744978875,98.44195542609205
Region3,2012,6.080148098662428,31-50,Type III,41.286240201504455,23.968445633166116
Region3,2011,4.97729631410937,51-70,Type II,123.41724780663645,65.75237051234468
Region3,2000,4.8442429739028094,71+,Type III,43.76963952550847,47.77364912629558
Region1,2014,7.196184211346827,31-50,Type I,283.46561098045976,80.67388848193337
Region2,2007,10.08133938621139,71+,Type II,144.88081714829292,95.02496706138541
Region2,2000,2.044489179419396,51-70,Type II,191.68235817119523,74.67237385641802
Region1,2001,3.8343099757512973,71+,Type III,227.17647136943836,71.82392017289229
Region2,2015,4.236815150490479,18-30,Type IV,30.964148231498047,5.7279098947161575
Region1,2013,1.6870738180890146,18-30,Type III,58.51655768635577,12.119259304687429
Region2,2011,9.795552301895013,71+,Type III,174.77450291871136,67.22148797658619
Region2,2015,10.256877586352484,31-50,Type I,192.32224233411642,69.74571667908985
Region3,2004,10.991288002068485,31-50,Type II,225.56280142212313,55.853666542832855
Region1,2010,2.60928869500039,71+,Type IV,60.98327216178551,24.587409216452446
Region1,2007,0.7892709272322782,71+,Type IV,126.45918768051745,28.588466697480953
Region2,2010,1.6321093058366254,18-30,Type II,231.63098332697734,26.826365562224364
Region1,2011,9.029522146356287,31-50,Type IV,94.58003915726754,14.055620186544548
Region3,2000,10.226459983306217,31-50,Type III,291.21828600560667,41.45984439703503
Region2,2017,3.9148788432231556,51-70,Type I,293.10192417437526,120.96931214080894
Region2,2012,10.587457880711137,31-50,Type II,161.08664454518737,49.28490181873208
Region3,2011,8.766467521779338,18-30,Type I,65.1782483390799,26.098510060294526
Region1,2015,3.8884198970607526,71+,Type III,35.01771130520086,46.22439613285108
Region1,2020,9.36048206744015,18-30,Type III,61.91977449262553,13.000040689831533
Region2,2002,7.051062698338985,18-30,Type I,131.63329372933853,30.185765454957032
Region2,2002,4.91131941078017,51-70,Type IV,121.2873011809123,21.80106297066264
Region3,2010,4.9711814154717535,71+,Type IV,238.65700861386253,36.90470352401852
Region1,2004,10.583317444016966,31-50,Type IV,183.8358821454469,17.18619448258326
Region1,2004,3.223251201135085,71+,Type I,148.47434461859118,122.17175952586571
Region1,2019,7.366643149735378,51-70,Type IV,68.10846125437763,19.51041953517919
Region3,2012,8.846312043346916,18-30,Type IV,69.11737728740692,6.594271890290795
Region3,2017,4.23921797620683,18-30,Type I,235.5146085428329,36.548817498096895
Region2,2016,5.107190143716262,18-30,Type I,283.4685237189166,39.91933961000436
Region2,2015,7.064985066234476,18-30,Type I,99.3603078094804,28.03701753387892
Region2,2006,6.465593488531801,51-70,Type IV,172.73442494898126,24.606560270728835
Region2,2006,8.06548459081415,71+,Type I,251.36838810027794,153.48395783272542
Region1,2016,9.4121117357822,18-30,Type III,247.86311649842202,19.203315056858955
Region1,2009,5.959176499809079,51-70,Type IV,203.57150457991094,26.07245170396691
Region1,2013,10.55361551826681,31-50,Type I,41.59092143331017,49.76690239841475
Region1,2009,3.0924914942015724,31-50,Type I,72.64584361041173,50.92310907906886
Region3,2002,0.7343247851691681,71+,Type II,256.9262413836995,111.8258431478414
Region3,2009,4.227891055193249,71+,Type III,249.2346782242787,74.92244685198112
Region1,2014,10.605022371035576,31-50,Type III,209.98216560590805,36.11981551460099
Region2,2004,8.403267009712136,71+,Type IV,185.84911588945326,34.07059446123931
Region1,2020,2.16581188865655,51-70,Type III,102.02299054551986,40.852042621148954
Region2,2000,10.776762007583615,31-50,Type IV,209.10052449806605,18.04769368402723
Region3,2010,7.7265907427826175,31-50,Type I,59.00610660173565,50.95811717734447
Region3,2013,8.791595186768738,18-30,Type IV,287.49253798599267,10.231122059104981
Region2,2011,0.5925601460635761,18-30,Type I,184.96337372208453,32.44940361068502
Region1,2002,7.949231568492929,71+,Type I,49.830227036251244,99.64744579779467
Region1,2005,5.319889363602047,51-70,Type I,262.1502032312204,115.62197426440531
Region2,2007,8.744189494242157,51-70,Type II,182.64679838396674,76.331905030004
Region1,2017,7.8766348354061435,31-50,Type I,90.90921019337122,55.27188195994528
Region1,2003,1.9406063755495941,18-30,Type I,42.2974277564185,23.207949792204488
Region3,2015,10.105920533057205,18-30,Type IV,295.8303087370734,10.43580117227075
Region2,2002,6.354771091368549,31-50,Type II,163.698177520111,48.27624907942166
Region1,2016,4.242987215065195,31-50,Type I,90.48715545093833,53.762148946151186
Region3,2019,2.5047703689073524,31-50,Type I,185.50897456335144,65.73643808934314
Region1,2018,8.618931147444831,71+,Type II,82.16415651668362,81.60418999180362
Region1,2018,10.677726298553322,51-70,Type I,100.96243171440474,86.59912212201294
Region2,2010,8.090724110011395,51-70,Type IV,279.71522635106066,30.199369934054744
Region1,2018,6.7084997670954225,71+,Type IV,112.13171430232585,28.81714757357414
Region3,2003,10.453698308487693,18-30,Type I,172.6951993779193,33.603752953558825
Region1,2017,7.827287601637665,18-30,Type IV,109.07796257772158,7.20933042304391
Region2,2007,5.021199126250071,18-30,Type I,142.55874843434796,30.508156387539877
Region1,2010,3.53819225588177,71+,Type III,189.46127243579082,66.67677989379149
Region1,2014,2.075759028658497,71+,Type I,235.72942197891254,144.52178641730347
Region2,2005,9.610488252620998,51-70,Type I,32.17944531848317,72.20218201526924
Region1,2011,7.951781414590258,18-30,Type I,87.74516294657775,27.4400338126899
Region1,2019,10.758868049354852,18-30,Type III,246.84052989927363,19.303904468244607
Region2,2010,0.8272371881990948,18-30,Type II,101.46084045072948,20.19712760076634
Region1,2010,3.4619646413361824,71+,Type II,60.34794008924857,74.14676680265141
Region3,2009,4.471087962474265,51-70,Type I,119.64622687137717,86.61189815176
Region1,2003,10.587965867510082,51-70,Type II,213.57262863111407,81.80047893504664
Region1,2011,6.498652422222772,31-50,Type I,206.08199286058732,70.07706001696742
Region2,2000,7.480921624539225,18-30,Type III,259.2431135868495,19.389529282015573
Region2,2006,2.979486055431285,51-70,Type II,284.00642825733615,88.9417329635445
Region2,2019,2.832371371781557,18-30,Type III,211.71620948239945,17.340444119924804
Region2,2001,3.770488878948609,51-70,Type II,262.2603684496902,86.03577526298041
Region1,2012,0.9239664200597305,31-50,Type III,100.92552264277695,26.913161460197074
Region3,2009,10.334671524114814,51-70,Type III,149.48223016586394,48.04862447382083
Region3,2019,4.456771649706298,71+,Type IV,115.83021030814507,28.61336835048426
Region3,2011,2.2055177914125745,51-70,Type I,237.70931017711467,108.86517271027047
Region2,2003,3.78195438910717,71+,Type I,231.97496267300997,144.88555355742173
Region1,2009,2.1536794145608367,18-30,Type II,138.35666258418956,22.240885041393604
Region1,2008,2.814232061696819,71+,Type III,209.94914269623163,69.11891185084295
Region1,2020,8.33355563615622,18-30,Type IV,33.525641202529265,5.975438468516632
Region3,2008,2.618242497539228,18-30,Type IV,274.7756909987573,9.71050697485625
Region3,2009,7.687277744581772,51-70,Type II,144.16216612427593,70.08359990370319
Region2,2013,6.527020714221646,18-30,Type I,274.69890422788865,39.61866442470357
Region3,2015,1.5959118351922672,18-30,Type IV,42.29490829010719,5.784710729928067
Region3,2015,8.40079474462552,71+,Type III,52.55972336923918,50.36828101374876
Region3,2004,9.38159744097893,31-50,Type IV,164.96844189493876,16.43710780726252
Region3,2001,10.515862038949557,71+,Type I,89.96956207635961,112.40457285152222
Region1,2005,10.548992843649337,71+,Type II,227.1479466373055,111.75898503365069
Region3,2010,7.7700787723851805,18-30,Type III,214.3797874191145,17.923000791209002
Region3,2000,3.204789929096868,18-30,Type I,200.28023711473548,33.99297379346841
Region3,2019,0.41702835105935765,71+,Type IV,257.06820285856475,37.22128586078286
Region3,2006,4.292534609916376,51-70,Type III,258.5766469330311,57.14542507627802
Region3,2003,8.064392691966582,31-50,Type III,103.0986673333175,28.486123027281153
Region3,2016,10.347024742932973,18-30,Type II,89.63329818046867,21.03371862046338
Region2,2003,1.2489439864940857,18-30,Type IV,212.91762845148256,8.611074340182746
Region2,2006,5.964661342526592,71+,Type IV,59.51339881982907,25.16049218982726
Region1,2009,5.222510896203357,51-70,Type I,84.60651842697006,80.05481022311602
Region2,2005,0.5030113476564799,18-30,Type IV,270.27500951328307,9.529734059270876
Region1,2011,7.157451621405679,18-30,Type III,203.44566040226897,17.497267175549535
Region2,2017,9.598376619064128,71+,Type IV,83.05373018134827,27.456590669236043
Region2,2011,5.080378673073636,18-30,Type II,214.87352910223603,26.505733256072844
Region2,2003,5.755922948346156,31-50,Type IV,80.40586898468668,13.255787927657504
Region1,2020,1.9556885596447509,31-50,Type IV,202.19261239024794,16.935322602306073
Region1,2014,1.3323033863120233,31-50,Type I,88.58244665841173,52.34391424231304
Region2,2014,6.752326277446687,71+,Type II,222.68409253096263,108.58821427266054
Region2,2016,7.880511373468268,71+,Type I,295.198106096591,165.02390405786554
Region1,2003,3.1625371017002464,18-30,Type IV,162.70493725288833,7.869875809299817
Region1,2006,5.493955571800834,51-70,Type III,208.69553346619415,52.51774001815967
Region2,2011,10.538653267239335,51-70,Type II,299.81497036172385,94.71463952451629
Region2,2006,0.3665589697127454,18-30,Type I,138.39586699187646,29.299702926734312
Region2,2020,2.5939475811714763,51-70,Type II,249.0789417613562,83.52911767573059
Region2,2002,1.1335857904439557,71+,Type III,57.59592568083747,48.13289107362258
Region1,2000,9.04191675827627,51-70,Type III,33.16886516464857,36.02946154394774
Region3,2001,10.91467800051532,51-70,Type I,290.7418242806701,124.6971716564432
Region1,2004,1.7570190729744204,31-50,Type I,194.07132573510177,66.57898439387
Region1,2013,8.270909933887705,51-70,Type I,129.83539641484805,90.92962524330223
Region3,2008,3.1611687237681565,71+,Type III,153.2796775595344,61.70175783077852
Region3,2007,3.6161911623203413,31-50,Type IV,58.48422664454199,12.311093337716768
Region1,2017,10.228329039213014,18-30,Type II,37.6813212458534,18.418315418174622
Region1,2020,7.837754509230545,18-30,Type I,234.27421074989797,37.18583161850597
Region3,2008,8.932819539461265,51-70,Type IV,174.68643415776427,25.0742446388074
Region3,2005,5.0023758135022245,71+,Type IV,272.76020763584177,39.1844890050899
Region3,2001,3.5998894614119172,31-50,Type IV,195.14000745468402,16.864655861297326
Region1,2018,1.5213742096208926,31-50,Type II,156.4076803395427,46.097180296840534
Region2,2010,6.879159977302517,18-30,Type III,191.02610421079245,17.05545280475667
Region3,2011,7.478185810222746,71+,Type IV,203.1598943398237,35.0396301180328
Region2,2007,10.234371720015684,31-50,Type II,121.11710594208368,45.18202211021307
Region2,2010,1.3766933194652498,18-30,Type I,200.29672553231822,33.62845369938093
Region1,2007,8.107664907664967,51-70,Type IV,121.61987804896921,22.297143638598207
Region1,2012,6.011940179517493,31-50,Type I,275.1125989275188,79.0864559288095
Region2,2019,5.030631174471234,18-30,Type I,90.11904262824528,27.014062410110597
Region1,2013,8.282102179281425,71+,Type III,95.81060611094615,56.08758835317205
Region3,2010,6.680030667564652,71+,Type III,229.83831867681573,73.31712142393462
Region3,2003,1.1302988806565089,31-50,Type IV,239.89755972712217,18.109615212303055
Region2,2020,4.610720380756831,18-30,Type III,168.99007223803176,16.094074446010076
Region2,2020,10.952372129994757,51-70,Type II,214.87098763927682,82.15921560438916
Region3,2017,8.443107464971597,31-50,Type IV,120.49766094749482,14.860899444746988
Region3,2019,8.388384159949947,31-50,Type IV,92.446541561099,13.92038980136496
Region2,2005,10.1442674920473,31-50,Type I,203.45718948635596,71.18533226166639
Region3,2001,8.023240150410022,31-50,Type IV,171.77392304513185,16.528121449878732
Region1,2012,9.327831590654958,18-30,Type III,270.7779210106744,19.95871385942131
Region1,2007,4.411917554782496,51-70,Type IV,161.70618142805344,23.74709670462005
Region2,2005,4.401591248490696,51-70,Type III,59.397557898058864,37.260233164353096
Region1,2020,10.527350079672837,18-30,Type I,243.5271352192245,38.34061236388287
Region2,2002,8.332430041489458,51-70,Type I,129.95927359264337,90.99131274342236
Region1,2016,5.184469982175551,31-50,Type I,97.8236314023996,55.1169388465235
Region1,2013,5.385562933774648,51-70,Type II,175.8703104121001,73.80404988201362
Region2,2008,0.1824982770446657,71+,Type II,58.377531380949115,71.78500524241662
Region3,2007,2.527069478913451,31-50,Type III,44.32548659820878,23.460446335663278
Region2,2001,5.184324069071675,71+,Type II,196.89556522306498,102.489707486056
Region2,2001,3.2317861339784284,71+,Type III,40.38271795772463,46.67707684795466
Region3,2001,10.799976945603508,31-50,Type IV,192.8924993396238,17.50974767254781
Region1,2009,1.2707444234879,31-50,Type IV,99.9622447949202,13.459149268846131
Region2,2004,5.561137966902323,31-50,Type I,290.6833728037339,80.98223822725879
Region2,2006,0.10903858903144181,71+,Type II,169.04349835930307,93.87412282527949
Region2,2001,2.9977022599363328,18-30,Type III,238.94552504804278,18.26462106092839
Region1,2018,2.4687395420296196,51-70,Type III,148.87635925980038,45.628257788588925
Region1,2020,6.655982577125681,31-50,Type II,283.96655966293804,60.39345073943151
Region3,2010,9.759408401702325,71+,Type III,35.559429214445586,48.64502058927367
Region2,2015,6.230878469122943,31-50,Type I,273.55845363590083,78.96681187243595
Region3,2003,7.08512799114391,71+,Type III,57.23659159467651,50.465596742414434
Region3,2018,3.0791572032854972,18-30,Type I,36.87852096914827,23.074399505266985
Region2,2006,3.3975313767644204,51-70,Type IV,256.01142989930895,28.31020120148011
Region2,2020,5.4890576706856065,18-30,Type IV,168.2995225779789,8.079444926500596
Region3,2000,6.254156298230461,31-50,Type II,31.196562680873637,34.9959031575565
Region1,2014,6.0096181273215805,71+,Type IV,56.50648143324025,24.969022387680333
Region3,2003,2.860509812274377,31-50,Type II,66.12339046707018,37.470491990389334
Region1,2005,1.6057072950288158,51-70,Type III,132.4789547727438,43.72960766578302
Region1,2007,4.052096003694645,18-30,Type II,280.3361289629964,29.624620848704012
Region3,2016,8.625314296529973,51-70,Type II,136.4973453113609,69.35599323014262
Region2,2011,6.557463217114567,31-50,Type IV,201.10029512442804,17.359089492525726
Region3,2011,2.0006034377837736,18-30,Type I,296.1342905876598,40.14240672673407
Region3,2012,2.565395139697154,71+,Type I,115.71958232506434,112.91087139844154
Region1,2002,9.946114501314263,31-50,Type II,216.94812991409637,54.67864734180391
Region3,2005,4.358066321347016,71+,Type II,265.0476488561045,115.62436956402911
Region2,2017,9.390709845665297,51-70,Type IV,92.34217171487055,21.02571506259332
Region3,2014,10.752182072054708,31-50,Type IV,59.10313978415762,13.045322866677392
Region3,2005,3.936540291756367,71+,Type III,167.30028332812995,63.881320560453204
Region1,2014,0.14209451040372112,18-30,Type I,283.9824636722842,38.960583146899694
Region2,2017,8.005676256512176,71+,Type IV,264.9571482729002,39.26494513616245
Region2,2009,5.339819488680168,71+,Type II,88.62667663357311,80.92922701992272
Region1,2014,9.761639979312767,71+,Type IV,285.16741502069107,40.96348899724195
Region2,2012,1.861519994255921,31-50,Type III,138.31041148820506,29.592998098064854
Region2,2002,2.675723052338819,51-70,Type IV,260.8668679491153,28.444701855306594
Region3,2003,5.188059093449972,71+,Type IV,58.83619043410356,24.9600245142969
Region1,2000,1.4935336902014305,31-50,Type I,141.39337105921328,59.44986295064234
Region2,2012,3.963673982488913,31-50,Type III,176.6955165999126,32.57243590315862
Region1,2012,0.17120097204033669,51-70,Type IV,192.04494775989932,24.627927533801017
Region3,2012,8.819584738638401,51-70,Type II,271.445319083218,89.68561099486998
Region2,2019,1.1077448974041073,71+,Type II,116.58598007335162,83.98184295311279
Region1,2000,6.554437380108314,71+,Type II,65.83470929476721,77.09960428701842
Region2,2017,2.8845444432616665,31-50,Type I,157.6382542307661,62.17225167474015
Region1,2002,0.33016468380559316,51-70,Type I,54.318210534307426,71.06174091714485
Region3,2018,1.2066466817385524,18-30,Type II,257.7188365289941,28.066938828710487
Region3,2019,7.691366846613648,31-50,Type III,172.65368818294473,33.04851924818571
Region2,2004,9.80168545790242,71+,Type II,91.82392358612705,84.24579599196687
Region2,2005,0.6014552418261644,51-70,Type II,65.28159531107116,55.06289415548244
Region1,2017,3.095803086348466,31-50,Type IV,189.59204955909425,16.62931529393799
Region2,2006,4.382748766813265,18-30,Type I,232.9522642167061,36.40670070114306
Region3,2015,10.765508836775254,18-30,Type III,134.5081297697892,15.560155209337164
Region3,2001,4.869347423251407,51-70,Type III,240.7657872895392,55.53738295592934
Region3,2015,9.073469641813752,31-50,Type I,212.05752276401373,71.90372422526066
Region2,2009,3.0923186367362803,18-30,Type III,43.43132352696803,11.756942647905895
Region1,2013,5.149866782802146,18-30,Type IV,224.30648328120057,8.995934727160117
Region3,2017,9.084478043471387,31-50,Type III,185.18303976723087,34.162431593176336
Region3,2012,8.455612986633168,71+,Type IV,277.93721055614736,40.220269967736456
